years,months,medianAnnualEnergyMWh,meanAnnualEnergyMWh,p95AnnualEnergyMWh,p90AnnualEnergyMWh,p75AnnualEnergyMWh,p25AnnualEnergyMWh,p10AnnualEnergyMWh,p05AnnualEnergyMWh,medianAnualSpecificYieldMWhperMW,meanAnnualSpecificYieldMWhperMW,coefVarAnnualEnergy
28,336,150447.05926500005,150435.17570642853,155236.2793765,154574.93267600003,152389.9581075,148329.7499075,145779.49793500002,144943.391629,3008.9411853,3008.703514128573,0.022225902074144176