duration_years,stDev,p50,p75,p90,p99
5,1244.5245336394403,146407.838725,145599.66162890694,144844.15830627,143543.8836676905
10,880.0117370894739,146407.838725,145845.5217739952,145311.30025134966,144391.8672370052
15,718.5265745098244,146407.838725,145954.4418609639,145518.25181426582,144767.5379016615
18,655.9220217099123,146407.838725,145996.66799014306,145598.48277691676,144913.17786997286
20,622.2622668197201,146407.838725,146019.3711498106,145641.61948849214,144991.4821692024
25,556.5682913768026,146407.838725,146063.6810628965,145725.80970556787,145144.30920931132