month,water_month,flow
10,1,260.43359101010105
11,2,260.63745381010114
12,3,395.2416060323232
1,4,654.2730040949496
2,5,1121.5954890438775
3,6,2099.507823670409
4,7,2941.8862949244904
5,8,2568.311356820409
6,9,1614.480327129592
7,10,827.8966284204085
8,11,487.3123681928572
9,12,345.52504258979604