years,months,medianAnnualEnergyMWh,meanAnnualEnergyMWh,p95AnnualEnergyMWh,p90AnnualEnergyMWh,p75AnnualEnergyMWh,p25AnnualEnergyMWh,p10AnnualEnergyMWh,p05AnnualEnergyMWh,medianAnualSpecificYield
21,252,591274.5244444446,593781.842962963,624821.2622222223,617354.7377777778,602713.9377777778,582881.0844444444,566744.4355555556,566271.8044444445,3695.4657777777784