duration_years,stDev,p50,p75,p90,p99
5,6757.114134731845,443455.8933333333,440778.7779974406,436676.79202429316,429616.9841202375
10,4778.001225920358,443455.8933333333,442113.6693689147,439213.12727097,434221.0892281379
15,3901.221664632456,443455.8933333333,442705.0481961848,440336.76549037604,436260.7834965425
18,3561.311845911751,443455.8933333333,442934.3138849029,440772.37745070155,437051.53198068903
20,3378.5570673659226,443455.8933333333,443057.5801098314,441006.5871232577,437476.6831712299
25,3021.8733073970157,443455.8933333333,443298.15964999184,441463.6957542502,438306.4536779385